Workbook

Sheet آمار کلان
A1: شاخص‌های کلان اطلس پیشرفت طرح احیای روضه‌های خانگی
A2: ردیف | B2: شاخص | C2: مقدار
A3: 1 | B3: تعداد استان‌های فعال | C3: =COUNTIF('اطلاعات استان‌ها'!J2:J32,"<>شروع نشده") -> 31
A4: 2 | B4: تعداد رابطان استانی | C4: =COUNTIF('اطلاعات استان‌ها'!K2:K32,"دارد") -> 0
A5: 3 | B5: تعداد شهرستان‌های فعال | C5: =SUM('اطلاعات استان‌ها'!L2:L32) -> 0
A6: 4 | B6: تعداد رابطان شهرستانی | C6: =SUM('اطلاعات استان‌ها'!O2:O32) -> 0
A7: 5 | B7: تعداد شهرستان‌های تحت پوشش | C7: =SUM('اطلاعات استان‌ها'!N2:N32) -> 0
A8: 6 | B8: تعداد هیأت‌ها و مجموعه‌های شناسایی‌شده | C8: =SUM('اطلاعات استان‌ها'!P2:P32) -> 0
A9: 7 | B9: تعداد روضه‌های خانگی فعال | C9: =SUM('اطلاعات استان‌ها'!Q2:Q32) -> 0
A10: 8 | B10: تعداد روضه‌های خانگی برگزارشده | C10: =SUM('اطلاعات استان‌ها'!R2:R32) -> 0
A11: 9 | B11: تعداد مخاطبان | C11: =SUM('اطلاعات استان‌ها'!S2:S32) -> 0
A12: 10 | B12: تعداد خانواده‌های مشارکت‌کننده | C12: =SUM('اطلاعات استان‌ها'!T2:T32) -> 0

Sheet اطلاعات استان‌ها
A1: استان | B1: گام ۱ - شناسایی فعالان | C1: گام ۲ - رابط استانی | D1: گام ۳ - رابط شهرستانی | E1: گام ۴ - همایش استانی | F1: گام ۵ - توانمندسازی | G1: گام ۶ - اقدام و استمرار | H1: گام ۷ - ارزیابی و توسعه | I1: درصد پیشرفت کلی | J1: وضعیت کلی | K1: رابط استانی | L1: تعداد رابطان شهرستانی | M1: تعداد شهرستان‌های فعال | N1: نام شهرستان‌های فعال | O1: تعداد هیأت‌ها و مجموعه‌های شناسایی‌شده | P1: تعداد روضه‌های خانگی فعال | Q1: تعداد روضه‌های خانگی برگزارشده | R1: تعداد مخاطبان | S1: آخرین اقدام | T1: اقدام بعدی | U1: مسائل و موانع | V1: آخرین به‌روزرسانی | W1: توضیحات
A2: آذربایجان شرقی | B2: انجام شد | C2: در حال اجرا | D2: انجام نشده | E2: انجام نشده | F2: انجام نشده | G2: انجام نشده | H2: انجام نشده | I2: =COUNTIF(B2:H2,"انجام شد")/7+COUNTIF(B2:H2,"در حال اجرا")/14 -> 0.21428571 | J2: =IF(I2=1,"تکمیل‌شده",IF(I2>0,"در حال اجرا","شروع نشده")) -> در حال اجرا | S2: =IF(COUNTIF(B2:H2,"در حال اجرا")>0,IF(B2="در حال اجرا","شناسایی فعالان در حال انجام",IF(C2="در حال اجرا","رابط استانی در حال انجام",IF(D2="در حال اجرا","رابط شهرستانی در حال انجام",IF(E2="در حال اجرا","همایش استانی در حال انجام",IF(F2="در حال اجرا","توانمندسازی در حال انجام",IF(G2="در حال اجرا","اقدام و استمرار در حال انجام",IF(H2="در حال اجرا","ارزیابی و توسعه در حال انجام",""))))))),IF(COUNTIF(B2:H2,"انجام شد")=0,"هنوز اقدامی انجام نشده",IF(H2="انجام شد","ارزیابی و توسعه انجام شد",IF(G2="انجام شد","اقدام و استمرار انجام شد",IF(F2="انجام شد","توانمندسازی انجام شد",IF(E2="انجام شد","همایش استانی انجام شد",IF(D2="انجام شد","رابط شهرستانی انجام شد",IF(C2="انجام شد","رابط استانی انجام شد",IF(B2="انجام شد","شناسایی فعالان انجام شد",""))))))))) -> رابط استانی در حال انجام | T2: =IF(B2<>"انجام شد","شناسایی فعالان"&IF(B2="در حال اجرا"," تکمیل شود"," آغاز شود"),IF(C2<>"انجام شد","رابط استانی"&IF(C2="در حال اجرا"," تکمیل شود"," آغاز شود"),IF(D2<>"انجام شد","رابط شهرستانی"&IF(D2="در حال اجرا"," تکمیل شود"," آغاز شود"),IF(E2<>"انجام شد","همایش استانی"&IF(E2="در حال اجرا"," تکمیل شود"," آغاز شود"),IF(F2<>"انجام شد","توانمندسازی"&IF(F2="در حال اجرا"," تکمیل شود"," آغاز شود"),IF(G2<>"انجام شد","اقدام و استمرار"&IF(G2="در حال اجرا"," تکمیل شود"," آغاز شود"),IF(H2<>"انجام شد","ارزیابی و توسعه"&IF(H2="در حال اجرا"," تکمیل شود"," آغاز شود"),"همه مراحل انجام شده است"))))))) -> رابط استانی تکمیل شود
A3: آذربایجان غربی | B3: انجام شد | C3: انجام نشده | D3: انجام نشده | E3: انجام نشده | F3: انجام نشده | G3: انجام نشده | H3: انجام نشده | I3: =COUNTIF(B3:H3,"انجام شد")/7+COUNTIF(B3:H3,"در حال اجرا")/14 -> 0.14285714 | J3: =IF(I3=1,"تکمیل‌شده",IF(I3>0,"در حال اجرا","شروع نشده")) -> در حال اجرا | S3: =IF(COUNTIF(B3:H3,"در حال اجرا")>0,IF(B3="در حال اجرا","شناسایی فعالان در حال انجام",IF(C3="در حال اجرا","رابط استانی در حال انجام",IF(D3="در حال اجرا","رابط شهرستانی در حال انجام",IF(E3="در حال اجرا","همایش استانی در حال انجام",IF(F3="در حال اجرا","توانمندسازی در حال انجام",IF(G3="در حال اجرا","اقدام و استمرار در حال انجام",IF(H3="در حال اجرا","ارزیابی و توسعه در حال انجام",""))))))),IF(COUNTIF(B3:H3,"انجام شد")=0,"هنوز اقدامی انجام نشده",IF(H3="انجام شد","ارزیابی و توسعه انجام شد",IF(G3="انجام شد","اقدام و استمرار انجام شد",IF(F3="انجام شد","توانمندسازی انجام شد",IF(E3="انجام شد","همایش استانی انجام شد",IF(D3="انجام شد","رابط شهرستانی انجام شد",IF(C3="انجام شد","رابط استانی انجام شد",IF(B3="انجام شد","شناسایی فعالان انجام شد",""))))))))) -> شناسایی فعالان انجام شد | T3: =IF(B3<>"انجام شد","شناسایی فعالان"&IF(B3="در حال اجرا"," تکمیل شود"," آغاز شود"),IF(C3<>"انجام شد","رابط استانی"&IF(C3="در حال اجرا"," تکمیل شود"," آغاز شود"),IF(D3<>"انجام شد","رابط شهرستانی"&IF(D3="در حال اجرا"," تکمیل شود"," آغاز شود"),IF(E3<>"انجام شد","همایش استانی"&IF(E3="در حال اجرا"," تکمیل شود"," آغاز شود"),IF(F3<>"انجام شد","توانمندسازی"&IF(F3="در حال اجرا"," تکمیل شود"," آغاز شود"),IF(G3<>"انجام شد","اقدام و استمرار"&IF(G3="در حال اجرا"," تکمیل شود"," آغاز شود"),IF(H3<>"انجام شد","ارزیابی و توسعه"&IF(H3="در حال اجرا"," تکمیل شود"," آغاز شود"),"همه مراحل انجام شده است"))))))) -> رابط استانی آغاز شود
A4: اردبیل | B4: انجام شد | C4: در حال اجرا | D4: انجام نشده | E4: انجام نشده | F4: انجام نشده | G4: انجام نشده | H4: انجام نشده | I4: =COUNTIF(B4:H4,"انجام شد")/7+COUNTIF(B4:H4,"در حال اجرا")/14 -> 0.21428571 | J4: =IF(I4=1,"تکمیل‌شده",IF(I4>0,"در حال اجرا","شروع نشده")) -> در حال اجرا | S4: =IF(COUNTIF(B4:H4,"در حال اجرا")>0,IF(B4="در حال اجرا","شناسایی فعالان در حال انجام",IF(C4="در حال اجرا","رابط استانی در حال انجام",IF(D4="در حال اجرا","رابط شهرستانی در حال انجام",IF(E4="در حال اجرا","همایش استانی در حال انجام",IF(F4="در حال اجرا","توانمندسازی در حال انجام",IF(G4="در حال اجرا","اقدام و استمرار در حال انجام",IF(H4="در حال اجرا","ارزیابی و توسعه در حال انجام",""))))))),IF(COUNTIF(B4:H4,"انجام شد")=0,"هنوز اقدامی انجام نشده",IF(H4="انجام شد","ارزیابی و توسعه انجام شد",IF(G4="انجام شد","اقدام و استمرار انجام شد",IF(F4="انجام شد","توانمندسازی انجام شد",IF(E4="انجام شد","همایش استانی انجام شد",IF(D4="انجام شد","رابط شهرستانی انجام شد",IF(C4="انجام شد","رابط استانی انجام شد",IF(B4="انجام شد","شناسایی فعالان انجام شد",""))))))))) -> رابط استانی در حال انجام | T4: =IF(B4<>"انجام شد","شناسایی فعالان"&IF(B4="در حال اجرا"," تکمیل شود"," آغاز شود"),IF(C4<>"انجام شد","رابط استانی"&IF(C4="در حال اجرا"," تکمیل شود"," آغاز شود"),IF(D4<>"انجام شد","رابط شهرستانی"&IF(D4="در حال اجرا"," تکمیل شود"," آغاز شود"),IF(E4<>"انجام شد","همایش استانی"&IF(E4="در حال اجرا"," تکمیل شود"," آغاز شود"),IF(F4<>"انجام شد","توانمندسازی"&IF(F4="در حال اجرا"," تکمیل شود"," آغاز شود"),IF(G4<>"انجام شد","اقدام و استمرار"&IF(G4="در حال اجرا"," تکمیل شود"," آغاز شود"),IF(H4<>"انجام شد","ارزیابی و توسعه"&IF(H4="در حال اجرا"," تکمیل شود"," آغاز شود"),"همه مراحل انجام شده است"))))))) -> رابط استانی تکمیل شود
A5: اصفهان | B5: انجام شد | C5: در حال اجرا | D5: انجام نشده | E5: انجام نشده | F5: انجام نشده | G5: انجام نشده | H5: انجام نشده | I5: =COUNTIF(B5:H5,"انجام شد")/7+COUNTIF(B5:H5,"در حال اجرا")/14 -> 0.21428571 | J5: =IF(I5=1,"تکمیل‌شده",IF(I5>0,"در حال اجرا","شروع نشده")) -> در حال اجرا | S5: =IF(COUNTIF(B5:H5,"در حال اجرا")>0,IF(B5="در حال اجرا","شناسایی فعالان در حال انجام",IF(C5="در حال اجرا","رابط استانی در حال انجام",IF(D5="در حال اجرا","رابط شهرستانی در حال انجام",IF(E5="در حال اجرا","همایش استانی در حال انجام",IF(F5="در حال اجرا","توانمندسازی در حال انجام",IF(G5="در حال اجرا","اقدام و استمرار در حال انجام",IF(H5="در حال اجرا","ارزیابی و توسعه در حال انجام",""))))))),IF(COUNTIF(B5:H5,"انجام شد")=0,"هنوز اقدامی انجام نشده",IF(H5="انجام شد","ارزیابی و توسعه انجام شد",IF(G5="انجام شد","اقدام و استمرار انجام شد",IF(F5="انجام شد","توانمندسازی انجام شد",IF(E5="انجام شد","همایش استانی انجام شد",IF(D5="انجام شد","رابط شهرستانی انجام شد",IF(C5="انجام شد","رابط استانی انجام شد",IF(B5="انجام شد","شناسایی فعالان انجام شد",""))))))))) -> رابط استانی در حال انجام | T5: =IF(B5<>"انجام شد","شناسایی فعالان"&IF(B5="در حال اجرا"," تکمیل شود"," آغاز شود"),IF(C5<>"انجام شد","رابط استانی"&IF(C5="در حال اجرا"," تکمیل شود"," آغاز شود"),IF(D5<>"انجام شد","رابط شهرستانی"&IF(D5="در حال اجرا"," تکمیل شود"," آغاز شود"),IF(E5<>"انجام شد","همایش استانی"&IF(E5="در حال اجرا"," تکمیل شود"," آغاز شود"),IF(F5<>"انجام شد","توانمندسازی"&IF(F5="در حال اجرا"," تکمیل شود"," آغاز شود"),IF(G5<>"انجام شد","اقدام و استمرار"&IF(G5="در حال اجرا"," تکمیل شود"," آغاز شود"),IF(H5<>"انجام شد","ارزیابی و توسعه"&IF(H5="در حال اجرا"," تکمیل شود"," آغاز شود"),"همه مراحل انجام شده است"))))))) -> رابط استانی تکمیل شود
A6: البرز | B6: انجام شد | C6: در حال اجرا | D6: انجام نشده | E6: انجام نشده | F6: انجام نشده | G6: انجام نشده | H6: انجام نشده | I6: =COUNTIF(B6:H6,"انجام شد")/7+COUNTIF(B6:H6,"در حال اجرا")/14 -> 0.21428571 | J6: =IF(I6=1,"تکمیل‌شده",IF(I6>0,"در حال اجرا","شروع نشده")) -> در حال اجرا | S6: =IF(COUNTIF(B6:H6,"در حال اجرا")>0,IF(B6="در حال اجرا","شناسایی فعالان در حال انجام",IF(C6="در حال اجرا","رابط استانی در حال انجام",IF(D6="در حال اجرا","رابط شهرستانی در حال انجام",IF(E6="در حال اجرا","همایش استانی در حال انجام",IF(F6="در حال اجرا","توانمندسازی در حال انجام",IF(G6="در حال اجرا","اقدام و استمرار در حال انجام",IF(H6="در حال اجرا","ارزیابی و توسعه در حال انجام",""))))))),IF(COUNTIF(B6:H6,"انجام شد")=0,"هنوز اقدامی انجام نشده",IF(H6="انجام شد","ارزیابی و توسعه انجام شد",IF(G6="انجام شد","اقدام و استمرار انجام شد",IF(F6="انجام شد","توانمندسازی انجام شد",IF(E6="انجام شد","همایش استانی انجام شد",IF(D6="انجام شد","رابط شهرستانی انجام شد",IF(C6="انجام شد","رابط استانی انجام شد",IF(B6="انجام شد","شناسایی فعالان انجام شد",""))))))))) -> رابط استانی در حال انجام | T6: =IF(B6<>"انجام شد","شناسایی فعالان"&IF(B6="در حال اجرا"," تکمیل شود"," آغاز شود"),IF(C6<>"انجام شد","رابط استانی"&IF(C6="در حال اجرا"," تکمیل شود"," آغاز شود"),IF(D6<>"انجام شد","رابط شهرستانی"&IF(D6="در حال اجرا"," تکمیل شود"," آغاز شود"),IF(E6<>"انجام شد","همایش استانی"&IF(E6="در حال اجرا"," تکمیل شود"," آغاز شود"),IF(F6<>"انجام شد","توانمندسازی"&IF(F6="در حال اجرا"," تکمیل شود"," آغاز شود"),IF(G6<>"انجام شد","اقدام و استمرار"&IF(G6="در حال اجرا"," تکمیل شود"," آغاز شود"),IF(H6<>"انجام شد","ارزیابی و توسعه"&IF(H6="در حال اجرا"," تکمیل شود"," آغاز شود"),"همه مراحل انجام شده است"))))))) -> رابط استانی تکمیل شود
A7: ایلام | B7: انجام شد | C7: در حال اجرا | D7: انجام نشده | E7: انجام نشده | F7: انجام نشده | G7: انجام نشده | H7: انجام نشده | I7: =COUNTIF(B7:H7,"انجام شد")/7+COUNTIF(B7:H7,"در حال اجرا")/14 -> 0.21428571 | J7: =IF(I7=1,"تکمیل‌شده",IF(I7>0,"در حال اجرا","شروع نشده")) -> در حال اجرا | S7: =IF(COUNTIF(B7:H7,"در حال اجرا")>0,IF(B7="در حال اجرا","شناسایی فعالان در حال انجام",IF(C7="در حال اجرا","رابط استانی در حال انجام",IF(D7="در حال اجرا","رابط شهرستانی در حال انجام",IF(E7="در حال اجرا","همایش استانی در حال انجام",IF(F7="در حال اجرا","توانمندسازی در حال انجام",IF(G7="در حال اجرا","اقدام و استمرار در حال انجام",IF(H7="در حال اجرا","ارزیابی و توسعه در حال انجام",""))))))),IF(COUNTIF(B7:H7,"انجام شد")=0,"هنوز اقدامی انجام نشده",IF(H7="انجام شد","ارزیابی و توسعه انجام شد",IF(G7="انجام شد","اقدام و استمرار انجام شد",IF(F7="انجام شد","توانمندسازی انجام شد",IF(E7="انجام شد","همایش استانی انجام شد",IF(D7="انجام شد","رابط شهرستانی انجام شد",IF(C7="انجام شد","رابط استانی انجام شد",IF(B7="انجام شد","شناسایی فعالان انجام شد",""))))))))) -> رابط استانی در حال انجام | T7: =IF(B7<>"انجام شد","شناسایی فعالان"&IF(B7="در حال اجرا"," تکمیل شود"," آغاز شود"),IF(C7<>"انجام شد","رابط استانی"&IF(C7="در حال اجرا"," تکمیل شود"," آغاز شود"),IF(D7<>"انجام شد","رابط شهرستانی"&IF(D7="در حال اجرا"," تکمیل شود"," آغاز شود"),IF(E7<>"انجام شد","همایش استانی"&IF(E7="در حال اجرا"," تکمیل شود"," آغاز شود"),IF(F7<>"انجام شد","توانمندسازی"&IF(F7="در حال اجرا"," تکمیل شود"," آغاز شود"),IF(G7<>"انجام شد","اقدام و استمرار"&IF(G7="در حال اجرا"," تکمیل شود"," آغاز شود"),IF(H7<>"انجام شد","ارزیابی و توسعه"&IF(H7="در حال اجرا"," تکمیل شود"," آغاز شود"),"همه مراحل انجام شده است"))))))) -> رابط استانی تکمیل شود
A8: بوشهر | B8: انجام شد | C8: در حال اجرا | D8: انجام نشده | E8: انجام نشده | F8: انجام نشده | G8: انجام نشده | H8: انجام نشده | I8: =COUNTIF(B8:H8,"انجام شد")/7+COUNTIF(B8:H8,"در حال اجرا")/14 -> 0.21428571 | J8: =IF(I8=1,"تکمیل‌شده",IF(I8>0,"در حال اجرا","شروع نشده")) -> در حال اجرا | S8: =IF(COUNTIF(B8:H8,"در حال اجرا")>0,IF(B8="در حال اجرا","شناسایی فعالان در حال انجام",IF(C8="در حال اجرا","رابط استانی در حال انجام",IF(D8="در حال اجرا","رابط شهرستانی در حال انجام",IF(E8="در حال اجرا","همایش استانی در حال انجام",IF(F8="در حال اجرا","توانمندسازی در حال انجام",IF(G8="در حال اجرا","اقدام و استمرار در حال انجام",IF(H8="در حال اجرا","ارزیابی و توسعه در حال انجام",""))))))),IF(COUNTIF(B8:H8,"انجام شد")=0,"هنوز اقدامی انجام نشده",IF(H8="انجام شد","ارزیابی و توسعه انجام شد",IF(G8="انجام شد","اقدام و استمرار انجام شد",IF(F8="انجام شد","توانمندسازی انجام شد",IF(E8="انجام شد","همایش استانی انجام شد",IF(D8="انجام شد","رابط شهرستانی انجام شد",IF(C8="انجام شد","رابط استانی انجام شد",IF(B8="انجام شد","شناسایی فعالان انجام شد",""))))))))) -> رابط استانی در حال انجام | T8: =IF(B8<>"انجام شد","شناسایی فعالان"&IF(B8="در حال اجرا"," تکمیل شود"," آغاز شود"),IF(C8<>"انجام شد","رابط استانی"&IF(C8="در حال اجرا"," تکمیل شود"," آغاز شود"),IF(D8<>"انجام شد","رابط شهرستانی"&IF(D8="در حال اجرا"," تکمیل شود"," آغاز شود"),IF(E8<>"انجام شد","همایش استانی"&IF(E8="در حال اجرا"," تکمیل شود"," آغاز شود"),IF(F8<>"انجام شد","توانمندسازی"&IF(F8="در حال اجرا"," تکمیل شود"," آغاز شود"),IF(G8<>"انجام شد","اقدام و استمرار"&IF(G8="در حال اجرا"," تکمیل شود"," آغاز شود"),IF(H8<>"انجام شد","ارزیابی و توسعه"&IF(H8="در حال اجرا"," تکمیل شود"," آغاز شود"),"همه مراحل انجام شده است"))))))) -> رابط استانی تکمیل شود
A9: تهران | B9: انجام شد | C9: انجام نشده | D9: انجام نشده | E9: انجام نشده | F9: انجام نشده | G9: انجام نشده | H9: انجام نشده | I9: =COUNTIF(B9:H9,"انجام شد")/7+COUNTIF(B9:H9,"در حال اجرا")/14 -> 0.14285714 | J9: =IF(I9=1,"تکمیل‌شده",IF(I9>0,"در حال اجرا","شروع نشده")) -> در حال اجرا | S9: =IF(COUNTIF(B9:H9,"در حال اجرا")>0,IF(B9="در حال اجرا","شناسایی فعالان در حال انجام",IF(C9="در حال اجرا","رابط استانی در حال انجام",IF(D9="در حال اجرا","رابط شهرستانی در حال انجام",IF(E9="در حال اجرا","همایش استانی در حال انجام",IF(F9="در حال اجرا","توانمندسازی در حال انجام",IF(G9="در حال اجرا","اقدام و استمرار در حال انجام",IF(H9="در حال اجرا","ارزیابی و توسعه در حال انجام",""))))))),IF(COUNTIF(B9:H9,"انجام شد")=0,"هنوز اقدامی انجام نشده",IF(H9="انجام شد","ارزیابی و توسعه انجام شد",IF(G9="انجام شد","اقدام و استمرار انجام شد",IF(F9="انجام شد","توانمندسازی انجام شد",IF(E9="انجام شد","همایش استانی انجام شد",IF(D9="انجام شد","رابط شهرستانی انجام شد",IF(C9="انجام شد","رابط استانی انجام شد",IF(B9="انجام شد","شناسایی فعالان انجام شد",""))))))))) -> شناسایی فعالان انجام شد | T9: =IF(B9<>"انجام شد","شناسایی فعالان"&IF(B9="در حال اجرا"," تکمیل شود"," آغاز شود"),IF(C9<>"انجام شد","رابط استانی"&IF(C9="در حال اجرا"," تکمیل شود"," آغاز شود"),IF(D9<>"انجام شد","رابط شهرستانی"&IF(D9="در حال اجرا"," تکمیل شود"," آغاز شود"),IF(E9<>"انجام شد","همایش استانی"&IF(E9="در حال اجرا"," تکمیل شود"," آغاز شود"),IF(F9<>"انجام شد","توانمندسازی"&IF(F9="در حال اجرا"," تکمیل شود"," آغاز شود"),IF(G9<>"انجام شد","اقدام و استمرار"&IF(G9="در حال اجرا"," تکمیل شود"," آغاز شود"),IF(H9<>"انجام شد","ارزیابی و توسعه"&IF(H9="در حال اجرا"," تکمیل شود"," آغاز شود"),"همه مراحل انجام شده است"))))))) -> رابط استانی آغاز شود
A10: چهارمحال و بختیاری | B10: انجام شد | C10: در حال اجرا | D10: انجام نشده | E10: انجام نشده | F10: انجام نشده | G10: انجام نشده | H10: انجام نشده | I10: =COUNTIF(B10:H10,"انجام شد")/7+COUNTIF(B10:H10,"در حال اجرا")/14 -> 0.21428571 | J10: =IF(I10=1,"تکمیل‌شده",IF(I10>0,"در حال اجرا","شروع نشده")) -> در حال اجرا | S10: =IF(COUNTIF(B10:H10,"در حال اجرا")>0,IF(B10="در حال اجرا","شناسایی فعالان در حال انجام",IF(C10="در حال اجرا","رابط استانی در حال انجام",IF(D10="در حال اجرا","رابط شهرستانی در حال انجام",IF(E10="در حال اجرا","همایش استانی در حال انجام",IF(F10="در حال اجرا","توانمندسازی در حال انجام",IF(G10="در حال اجرا","اقدام و استمرار در حال انجام",IF(H10="در حال اجرا","ارزیابی و توسعه در حال انجام",""))))))),IF(COUNTIF(B10:H10,"انجام شد")=0,"هنوز اقدامی انجام نشده",IF(H10="انجام شد","ارزیابی و توسعه انجام شد",IF(G10="انجام شد","اقدام و استمرار انجام شد",IF(F10="انجام شد","توانمندسازی انجام شد",IF(E10="انجام شد","همایش استانی انجام شد",IF(D10="انجام شد","رابط شهرستانی انجام شد",IF(C10="انجام شد","رابط استانی انجام شد",IF(B10="انجام شد","شناسایی فعالان انجام شد",""))))))))) -> رابط استانی در حال انجام | T10: =IF(B10<>"انجام شد","شناسایی فعالان"&IF(B10="در حال اجرا"," تکمیل شود"," آغاز شود"),IF(C10<>"انجام شد","رابط استانی"&IF(C10="در حال اجرا"," تکمیل شود"," آغاز شود"),IF(D10<>"انجام شد","رابط شهرستانی"&IF(D10="در حال اجرا"," تکمیل شود"," آغاز شود"),IF(E10<>"انجام شد","همایش استانی"&IF(E10="در حال اجرا"," تکمیل شود"," آغاز شود"),IF(F10<>"انجام شد","توانمندسازی"&IF(F10="در حال اجرا"," تکمیل شود"," آغاز شود"),IF(G10<>"انجام شد","اقدام و استمرار"&IF(G10="در حال اجرا"," تکمیل شود"," آغاز شود"),IF(H10<>"انجام شد","ارزیابی و توسعه"&IF(H10="در حال اجرا"," تکمیل شود"," آغاز شود"),"همه مراحل انجام شده است"))))))) -> رابط استانی تکمیل شود
A11: خراسان جنوبی | B11: انجام شد | C11: در حال اجرا | D11: انجام نشده | E11: انجام نشده | F11: انجام نشده | G11: انجام نشده | H11: انجام نشده | I11: =COUNTIF(B11:H11,"انجام شد")/7+COUNTIF(B11:H11,"در حال اجرا")/14 -> 0.21428571 | J11: =IF(I11=1,"تکمیل‌شده",IF(I11>0,"در حال اجرا","شروع نشده")) -> در حال اجرا | S11: =IF(COUNTIF(B11:H11,"در حال اجرا")>0,IF(B11="در حال اجرا","شناسایی فعالان در حال انجام",IF(C11="در حال اجرا","رابط استانی در حال انجام",IF(D11="در حال اجرا","رابط شهرستانی در حال انجام",IF(E11="در حال اجرا","همایش استانی در حال انجام",IF(F11="در حال اجرا","توانمندسازی در حال انجام",IF(G11="در حال اجرا","اقدام و استمرار در حال انجام",IF(H11="در حال اجرا","ارزیابی و توسعه در حال انجام",""))))))),IF(COUNTIF(B11:H11,"انجام شد")=0,"هنوز اقدامی انجام نشده",IF(H11="انجام شد","ارزیابی و توسعه انجام شد",IF(G11="انجام شد","اقدام و استمرار انجام شد",IF(F11="انجام شد","توانمندسازی انجام شد",IF(E11="انجام شد","همایش استانی انجام شد",IF(D11="انجام شد","رابط شهرستانی انجام شد",IF(C11="انجام شد","رابط استانی انجام شد",IF(B11="انجام شد","شناسایی فعالان انجام شد",""))))))))) -> رابط استانی در حال انجام | T11: =IF(B11<>"انجام شد","شناسایی فعالان"&IF(B11="در حال اجرا"," تکمیل شود"," آغاز شود"),IF(C11<>"انجام شد","رابط استانی"&IF(C11="در حال اجرا"," تکمیل شود"," آغاز شود"),IF(D11<>"انجام شد","رابط شهرستانی"&IF(D11="در حال اجرا"," تکمیل شود"," آغاز شود"),IF(E11<>"انجام شد","همایش استانی"&IF(E11="در حال اجرا"," تکمیل شود"," آغاز شود"),IF(F11<>"انجام شد","توانمندسازی"&IF(F11="در حال اجرا"," تکمیل شود"," آغاز شود"),IF(G11<>"انجام شد","اقدام و استمرار"&IF(G11="در حال اجرا"," تکمیل شود"," آغاز شود"),IF(H11<>"انجام شد","ارزیابی و توسعه"&IF(H11="در حال اجرا"," تکمیل شود"," آغاز شود"),"همه مراحل انجام شده است"))))))) -> رابط استانی تکمیل شود
A12: خراسان رضوی | B12: انجام شد | C12: انجام شد | D12: انجام نشده | E12: انجام نشده | F12: انجام نشده | G12: انجام نشده | H12: انجام نشده | I12: =COUNTIF(B12:H12,"انجام شد")/7+COUNTIF(B12:H12,"در حال اجرا")/14 -> 0.28571429 | J12: =IF(I12=1,"تکمیل‌شده",IF(I12>0,"در حال اجرا","شروع نشده")) -> در حال اجرا | S12: =IF(COUNTIF(B12:H12,"در حال اجرا")>0,IF(B12="در حال اجرا","شناسایی فعالان در حال انجام",IF(C12="در حال اجرا","رابط استانی در حال انجام",IF(D12="در حال اجرا","رابط شهرستانی در حال انجام",IF(E12="در حال اجرا","همایش استانی در حال انجام",IF(F12="در حال اجرا","توانمندسازی در حال انجام",IF(G12="در حال اجرا","اقدام و استمرار در حال انجام",IF(H12="در حال اجرا","ارزیابی و توسعه در حال انجام",""))))))),IF(COUNTIF(B12:H12,"انجام شد")=0,"هنوز اقدامی انجام نشده",IF(H12="انجام شد","ارزیابی و توسعه انجام شد",IF(G12="انجام شد","اقدام و استمرار انجام شد",IF(F12="انجام شد","توانمندسازی انجام شد",IF(E12="انجام شد","همایش استانی انجام شد",IF(D12="انجام شد","رابط شهرستانی انجام شد",IF(C12="انجام شد","رابط استانی انجام شد",IF(B12="انجام شد","شناسایی فعالان انجام شد",""))))))))) -> رابط استانی انجام شد | T12: =IF(B12<>"انجام شد","شناسایی فعالان"&IF(B12="در حال اجرا"," تکمیل شود"," آغاز شود"),IF(C12<>"انجام شد","رابط استانی"&IF(C12="در حال اجرا"," تکمیل شود"," آغاز شود"),IF(D12<>"انجام شد","رابط شهرستانی"&IF(D12="در حال اجرا"," تکمیل شود"," آغاز شود"),IF(E12<>"انجام شد","همایش استانی"&IF(E12="در حال اجرا"," تکمیل شود"," آغاز شود"),IF(F12<>"انجام شد","توانمندسازی"&IF(F12="در حال اجرا"," تکمیل شود"," آغاز شود"),IF(G12<>"انجام شد","اقدام و استمرار"&IF(G12="در حال اجرا"," تکمیل شود"," آغاز شود"),IF(H12<>"انجام شد","ارزیابی و توسعه"&IF(H12="در حال اجرا"," تکمیل شود"," آغاز شود"),"همه مراحل انجام شده است"))))))) -> رابط شهرستانی آغاز شود
A13: خراسان شمالی | B13: انجام شد | C13: در حال اجرا | D13: انجام نشده | E13: انجام نشده | F13: انجام نشده | G13: انجام نشده | H13: انجام نشده | I13: =COUNTIF(B13:H13,"انجام شد")/7+COUNTIF(B13:H13,"در حال اجرا")/14 -> 0.21428571 | J13: =IF(I13=1,"تکمیل‌شده",IF(I13>0,"در حال اجرا","شروع نشده")) -> در حال اجرا | S13: =IF(COUNTIF(B13:H13,"در حال اجرا")>0,IF(B13="در حال اجرا","شناسایی فعالان در حال انجام",IF(C13="در حال اجرا","رابط استانی در حال انجام",IF(D13="در حال اجرا","رابط شهرستانی در حال انجام",IF(E13="در حال اجرا","همایش استانی در حال انجام",IF(F13="در حال اجرا","توانمندسازی در حال انجام",IF(G13="در حال اجرا","اقدام و استمرار در حال انجام",IF(H13="در حال اجرا","ارزیابی و توسعه در حال انجام",""))))))),IF(COUNTIF(B13:H13,"انجام شد")=0,"هنوز اقدامی انجام نشده",IF(H13="انجام شد","ارزیابی و توسعه انجام شد",IF(G13="انجام شد","اقدام و استمرار انجام شد",IF(F13="انجام شد","توانمندسازی انجام شد",IF(E13="انجام شد","همایش استانی انجام شد",IF(D13="انجام شد","رابط شهرستانی انجام شد",IF(C13="انجام شد","رابط استانی انجام شد",IF(B13="انجام شد","شناسایی فعالان انجام شد",""))))))))) -> رابط استانی در حال انجام | T13: =IF(B13<>"انجام شد","شناسایی فعالان"&IF(B13="در حال اجرا"," تکمیل شود"," آغاز شود"),IF(C13<>"انجام شد","رابط استانی"&IF(C13="در حال اجرا"," تکمیل شود"," آغاز شود"),IF(D13<>"انجام شد","رابط شهرستانی"&IF(D13="در حال اجرا"," تکمیل شود"," آغاز شود"),IF(E13<>"انجام شد","همایش استانی"&IF(E13="در حال اجرا"," تکمیل شود"," آغاز شود"),IF(F13<>"انجام شد","توانمندسازی"&IF(F13="در حال اجرا"," تکمیل شود"," آغاز شود"),IF(G13<>"انجام شد","اقدام و استمرار"&IF(G13="در حال اجرا"," تکمیل شود"," آغاز شود"),IF(H13<>"انجام شد","ارزیابی و توسعه"&IF(H13="در حال اجرا"," تکمیل شود"," آغاز شود"),"همه مراحل انجام شده است"))))))) -> رابط استانی تکمیل شود
... A32: یزد | B32: انجام شد | C32: در حال اجرا | D32: انجام نشده | E32: انجام نشده | F32: انجام نشده | G32: انجام نشده | H32: انجام نشده | I32: =COUNTIF(B32:H32,"انجام شد")/7+COUNTIF(B32:H32,"در حال اجرا")/14 -> 0.21428571 | J32: =IF(I32=1,"تکمیل‌شده",IF(I32>0,"در حال اجرا","شروع نشده")) -> در حال اجرا | S32: =IF(COUNTIF(B32:H32,"در حال اجرا")>0,IF(B32="در حال اجرا","شناسایی فعالان در حال انجام",IF(C32="در حال اجرا","رابط استانی در حال انجام",IF(D32="در حال اجرا","رابط شهرستانی در حال انجام",IF(E32="در حال اجرا","همایش استانی در حال انجام",IF(F32="در حال اجرا","توانمندسازی در حال انجام",IF(G32="در حال اجرا","اقدام و استمرار در حال انجام",IF(H32="در حال اجرا","ارزیابی و توسعه در حال انجام",""))))))),IF(COUNTIF(B32:H32,"انجام شد")=0,"هنوز اقدامی انجام نشده",IF(H32="انجام شد","ارزیابی و توسعه انجام شد",IF(G32="انجام شد","اقدام و استمرار انجام شد",IF(F32="انجام شد","توانمندسازی انجام شد",IF(E32="انجام شد","همایش استانی انجام شد",IF(D32="انجام شد","رابط شهرستانی انجام شد",IF(C32="انجام شد","رابط استانی انجام شد",IF(B32="انجام شد","شناسایی فعالان انجام شد",""))))))))) -> رابط استانی در حال انجام | T32: =IF(B32<>"انجام شد","شناسایی فعالان"&IF(B32="در حال اجرا"," تکمیل شود"," آغاز شود"),IF(C32<>"انجام شد","رابط استانی"&IF(C32="در حال اجرا"," تکمیل شود"," آغاز شود"),IF(D32<>"انجام شد","رابط شهرستانی"&IF(D32="در حال اجرا"," تکمیل شود"," آغاز شود"),IF(E32<>"انجام شد","همایش استانی"&IF(E32="در حال اجرا"," تکمیل شود"," آغاز شود"),IF(F32<>"انجام شد","توانمندسازی"&IF(F32="در حال اجرا"," تکمیل شود"," آغاز شود"),IF(G32<>"انجام شد","اقدام و استمرار"&IF(G32="در حال اجرا"," تکمیل شود"," آغاز شود"),IF(H32<>"انجام شد","ارزیابی و توسعه"&IF(H32="در حال اجرا"," تکمیل شود"," آغاز شود"),"همه مراحل انجام شده است"))))))) -> رابط استانی تکمیل شود

Sheet راهنمای ورود اطلاعات
A1: راهنمای ورود اطلاعات
A2: ۱. در ۷ گام، یکی از سه وضعیت «انجام نشده»، «در حال اجرا» یا «انجام شد» را انتخاب کنید.
A3: ۲. درصد پیشرفت کلی و وضعیت کلی به‌صورت خودکار محاسبه می‌شوند.
A4: ۳. «آخرین اقدام» و «اقدام بعدی» نیز از وضعیت ۷ گام به‌صورت خودکار ساخته می‌شوند.
A5: ۴. برای تغییر متن انگیزشی، متن را در سلول A2 برگه «پیام انگیزشی» وارد کنید.
A6: ۵. فایل را با نام data.xlsx در کنار index.html در GitHub قرار دهید.
A7: 5. درصد پیشرفت کلی و وضعیت کلی به‌صورت خودکار محاسبه می‌شوند.
A8: 6. شاخص‌های کلان شامل ۱۰ مورد است و در برگه «آمار کلان» به‌صورت خودکار جمع‌بندی می‌شود.
A9: 7. برای متن انگیزشی، متن دلخواه را فقط در سلول A2 برگه «پیام انگیزشی» وارد کنید؛ در سایت بدون عنوان نمایش داده می‌شود.
A10: 8. برای به‌روزرسانی داشبورد، همین فایل را با نام دقیق data.xlsx در GitHub جایگزین کنید.

Sheet پیام انگیزشی
A1: نگاه چشم در چشم و جلسه نزدیک که نفس گوینده به شنونده می‌خورد، یک چیز دیگری است... این مجالس روضه‌خوانی، مجالس وعظ و خطابه، مجالس گوناگون خیلی چیزهای مهمی است؛ اینها را دست کم نباید گرفت؛ (چون) هم از فضای مجازی مؤثرتر است. هم از صداوسیما مؤثرتر است. بیانات مقام معظم رهبری (ره) در دیدار ائمه جماعات مساجد استان تهران، ۳۱/ ۰۵/ ۱۳۹۵
A2: نگاه چشم در چشم و جلسه نزدیک که
A3: نفس گوینده به شنونده می‌خورد، یک چیز
A4: دیگری است... این مجالس روضه‌خوانی،
A5: مجالس وعظ و خطابه، مجالس گوناگون
A6: خیلی چیزهای مهمی است؛ اینها را
A7: دست کم نباید گرفت؛ (چون) هم از فضای
A8: مجازی مؤثرتر است. هم از صداوسیما
A9: مؤثرتر است.
A10: بیانات مقام معظم رهبری (ره) در دیدار ائمه جماعات مساجد
A11: استان تهران، ۳۱/ ۰۵/ ۱۳۹۵
